visible,level-1,level-2,level-3,level-4,title,author-first,multiple-authors,year,month,date,pub-name,pub-type,remarks,manuscript,overleaf,code,code-1,code-2,dataset,dataset-1,dataset-2,video,demo,demo-1,demo-2,demo-3,map,gui,gui-demo-1,gui-demo-2,dropbox,slides,poster
1,"Digital Signal Processing Laboratory, School of Electrical and Electronic Engineering, Nanyang Technological University",Cities of Tomorrow: Active Noise Control (COTANC),,,Active Control of Sound through Full-Sized Open Windows,Bhan Lam,1,2018,5,23,Building and Environment,journal,,https://hdl.handle.net/10356/106104,,,,,,,,,,,,,,,,,,,
1,"Digital Signal Processing Laboratory, School of Electrical and Electronic Engineering, Nanyang Technological University",Cities of Tomorrow: Active Noise Control (COTANC),,,Physical Limits on the Performance of Active Noise Control through Open Windows,Bhan Lam,1,2018,3,9,Applied Acoustics,journal,,https://hdl.handle.net/10356/88178,,,,,,,,,,,,,,,,,,,
1,"Digital Signal Processing Laboratory, School of Electrical and Electronic Engineering, Nanyang Technological University",Cities of Tomorrow: Augmenting Urban Soundscapes (COTAUS),Soundscape Evaluation,,Influence of Parametrically-Decoded First-Order Ambisonics Reproduction in Cinematic Virtual-Reality-Based Soundscape Evaluation,Bhan Lam,1,2019,6,16,48th International Congress and Exposition on Noise Control Engineering (Inter-Noise 2019),conference,,https://hdl.handle.net/10356/105858,,,,,,,,,,,,,,,,,,,
1,"Digital Signal Processing Laboratory, School of Electrical and Electronic Engineering, Nanyang Technological University",Cities of Tomorrow: Augmenting Urban Soundscapes (COTAUS),Soundscape Evaluation,,"Virtual, Augmented and Mixed Reality Tools in Soundscape Evaluation and Design",Bhan Lam,1,2020,8,23,49th International Congress and Exposition on Noise Control Engineering (Inter-Noise 2020),conference,,https://www.researchgate.net/publication/343150785_Virtual_augmented_and_mixed_reality_tools_in_soundscape_evaluation_and_design,,,,,,,,https://www.youtube.com/watch?v=muYnAtxk_cM,,,,,,,,,,,
1,"Digital Signal Processing Laboratory, School of Electrical and Electronic Engineering, Nanyang Technological University",Cities of Tomorrow: Active Noise Control (COTANC),,,Active Control of Broadband Sound through the Open Aperture of a Full-Sized Domestic Window,Bhan Lam,1,2020,7,9,Nature Scientific Reports,journal,99th percentile in online attention ranking based on Altmetric and referenced in numerous international newspapers and periodicals (https://www.nature.com/articles/s41598-020-66563-z/metrics),https://doi.org/10.1038/s41598-020-66563-z,,,,,,,,,,,,,,,,,,,
1,"Digital Signal Processing Laboratory, School of Electrical and Electronic Engineering, Nanyang Technological University",Cities of Tomorrow: Active Noise Control (COTANC),,,Active Control of Low-Frequency Noise through a Single Top-Hung Window in a Full-Sized Room,Bhan Lam,1,2020,9,29,Applied Sciences _Special Issue on Noise Barriers_,journal,,https://doi.org/10.3390/app10196817,,,,,,,,,,,,,,,,,,,
1,"Digital Signal Processing Laboratory, School of Electrical and Electronic Engineering, Nanyang Technological University",Cities of Tomorrow: Active Noise Control (COTANC),,,Ten Questions Concerning Active Noise Control in the Built Environment,Bhan Lam,1,2021,5,15,Building and Environment,journal,,https://doi.org/10.1016/j.buildenv.2021.107928,,,,,,,,,,,,,,,,,,,
1,"Digital Signal Processing Laboratory, School of Electrical and Electronic Engineering, Nanyang Technological University",Cities of Tomorrow: Augmenting Urban Soundscapes (COTAUS),Soundscape Evaluation,,Assessment of a Cost-Effective Headphone Calibration Procedure for Soundscape Evaluations,Bhan Lam,1,2022,10,24,24th International Congress on Acoustics (ICA 2022),conference,,https://arxiv.org/abs/2207.12899,,https://github.com/ntudsp/ica22-calibration,,,,,,,,,,,,,,,,,
1,"Digital Signal Processing Laboratory, School of Electrical and Electronic Engineering, Nanyang Technological University",Cities of Tomorrow: Augmenting Urban Soundscapes (COTAUS),Soundscape Evaluation,,Preliminary Assessment of a Cost-Effective Headphone Calibration Procedure for Soundscape Evaluations,Bhan Lam,1,2022,7,25,28th International Congress on Sound and Vibration (ICSV 2022),conference,,https://arxiv.org/abs/2205.04728,,,,,https://doi.org/10.21979/N9/AUE2LL,,,,,,,,,,,,,,
1,"Digital Signal Processing Laboratory, School of Electrical and Electronic Engineering, Nanyang Technological University",Soundscapes,Hospital Soundscapes,,Assessing the Perceived Indoor Acoustic Environment Quality Across Building Occupants in a Tertiary-Care Public Hospital in Singapore,Bhan Lam,1,2022,7,30,Building and Environment,journal,,https://psyarxiv.com/tae9j/,,,,,https://doi.org/10.21979/N9/YSQNDY,,,,,,,,,,,,,,
1,"Digital Signal Processing Laboratory, School of Electrical and Electronic Engineering, Nanyang Technological University",Soundscapes,Soundscape Attributes Translation Project,,Crossing the Linguistic Causeway: A Binational Approach for Translating Soundscape Attributes to Bahasa Melayu,Bhan Lam,1,2022,9,8,Applied Acoustics _Special Issue on Soundscape Attributes Translation: Current Projects and Challenges_,journal,,https://arxiv.org/abs/2206.03104,,https://github.com/ntudsp/satp-zsm-stage1,,,https://doi.org/10.21979/N9/0NE37R,,,,,,,,,,,,,,
1,"Digital Signal Processing Laboratory, School of Electrical and Electronic Engineering, Nanyang Technological University",Parametric Loudspeakers,,,Modeling the Directivity of Parametric Loudspeaker,Chuang Shi,1,2012,9,6,AIP Conference Proceedings,conference,,https://hdl.handle.net/10356/84512,,,,,,,,,,,,,,,,,,,
1,"Digital Signal Processing Laboratory, School of Electrical and Electronic Engineering, Nanyang Technological University",Parametric Loudspeakers,,,Product Directivity Models for Parametric Loudspeakers,Chuang Shi,1,2012,3,15,The Journal of the Acoustical Society of America,journal,,https://hdl.handle.net/10356/100026,,,,,,,,,,,,,,,,,,,
1,"Digital Signal Processing Laboratory, School of Electrical and Electronic Engineering, Nanyang Technological University",Parametric Loudspeakers,,,Hybrid Immersive Three-Dimensional Sound Reproduction System with Steerable Parametric Loudspeakers,Chuang Shi,1,2013,5,14,JASA Proceedings of Meetings on Acoustics,conference,,https://hdl.handle.net/10356/84799,,,,,,,,,,,,,,,,,,,
1,"Digital Signal Processing Laboratory, School of Electrical and Electronic Engineering, Nanyang Technological University",Parametric Loudspeakers,,,Steerable Parametric Loudspeaker with Preprocessing Methods,Chuang Shi,1,2013,6,2,21st International Congress on Acoustics,conference,,https://hdl.handle.net/10356/85063,,,,,,,,,,,,,,,,,,,
1,"Digital Signal Processing Laboratory, School of Electrical and Electronic Engineering, Nanyang Technological University",Parametric Loudspeakers,,,An Overview of Directivity Control Methods of the Parametric Array Loudspeaker,Chuang Shi,1,2014,12,22,APSIPA Transactions on Signal and Information Processing,journal,,https://hdl.handle.net/10356/81880,,,,,,,,,,,,,,,,,,,
1,"Digital Signal Processing Laboratory, School of Electrical and Electronic Engineering, Nanyang Technological University",Parametric Loudspeakers,,,Spatial Aliasing Effects in a Steerable Parametric Loudspeaker for Stereophonic Sound Reproduction,Chuang Shi,1,2014,9,1,"IEICE Transactions on Fundamentals of Electronics, Communications and Computer Sciences _Special Section on Spatial Acoustic Signal Processing and Applications_",journal,,https://hdl.handle.net/10356/101132,,,,,,,,,,,,,,,,,,,
1,"Digital Signal Processing Laboratory, School of Electrical and Electronic Engineering, Nanyang Technological University",Cities of Tomorrow: Active Noise Control (COTANC),,,Understanding Multiple-Input Multiple-Output Active Noise Control from a Perspective of Sampling and Reconstruction,Chuang Shi,1,2017,12,12,9th Asia Pacific Signal and Information Processing Association Annual Summit and Conference (APSIPA ASC 2017),conference,,https://hdl.handle.net/10356/88226,,,,,,,,,,,,,,,,,,,
1,"Digital Signal Processing Laboratory, School of Electrical and Electronic Engineering, Nanyang Technological University",Cities of Tomorrow: Active Noise Control (COTANC),,,Two-Gradient Direction FXLMS: An Adaptive Noise Control Algorithm with Output Constraint,Dongyuan Shi,1,2018,7,21,Mechanical Systems and Signal Processing,journal,,https://hdl.handle.net/10356/107561,,,,,,,,,,,,,,,,,,,
1,"Digital Signal Processing Laboratory, School of Electrical and Electronic Engineering, Nanyang Technological University",Cities of Tomorrow: Active Noise Control (COTANC),,,Optimal Leak Factor Selection for the Output-Constrained Leaky Filtered-Input Least Mean Square Algorithm,Dongyuan Shi,1,2019,3,8,IEEE Signal Processing Letters,journal,,https://hdl.handle.net/10356/143203,,,,,,,,https://www.youtube.com/watch?v=nyd-79krtbM,,,,,,,,,,,
1,"Digital Signal Processing Laboratory, School of Electrical and Electronic Engineering, Nanyang Technological University",Cities of Tomorrow: Active Noise Control (COTANC),,,Practical Implementation of Multichannel Filtered-x Least Mean Square Algorithm based on the Multiple-Parallel-Branch with Folding Architecture for Large-Scale Active Noise Control,Dongyuan Shi,1,2019,12,19,IEEE Transactions on Very Large Scale Integration (VLSI) Systems,journal,,https://hdl.handle.net/10356/142541,,,,,,,,,,,,,,,,,,,
1,"Digital Signal Processing Laboratory, School of Electrical and Electronic Engineering, Nanyang Technological University",Cities of Tomorrow: Active Noise Control (COTANC),,,Multichannel Active Noise Control with Spatial Derivative Constraints to Enlarge the Quiet Zone,Dongyuan Shi,1,2020,5,4,"45th IEEE International Conference on Acoustics, Speech, and Signal Processing (ICASSP 2020)",conference,,https://www.researchgate.net/publication/341084229_Multichannel_Active_Noise_Control_with_Spatial_Derivative_Constraints_to_Enlarge_the_Quiet_Zone,,,,,,,,https://www.youtube.com/watch?v=WEXphgGDV9A,,,,,,,,,,,
1,"Digital Signal Processing Laboratory, School of Electrical and Electronic Engineering, Nanyang Technological University",Cities of Tomorrow: Active Noise Control (COTANC),,,Selective Fixed-filter Active Noise Control Based on Convolutional Neural Network,Dongyuan Shi,1,2021,9,4,Signal Processing,journal,,https://www.researchgate.net/publication/354359563_Selective_Fixed-filter_Active_Noise_Control_Based_on_Convolutional_Neural_Network,,https://github.com/ShiDongyuan/Selective_ANC_CNN,,,,,,,,,,,,,,,,,
1,"Digital Signal Processing Laboratory, School of Electrical and Electronic Engineering, Nanyang Technological University",Cities of Tomorrow: Active Noise Control (COTANC),,,Fast Adaptive Active Noise Control Based on Modified Model-Agnostic Meta-Learning Algorithm,Dongyuan Shi,1,2021,11,3,IEEE Signal Processing Letters,journal,,,,https://github.com/ShiDongyuan/Meta,,,,,,,,,,,,,,,,,
1,"Digital Signal Processing Laboratory, School of Electrical and Electronic Engineering, Nanyang Technological University",Audio Intelligence Monitoring at the Edge (AIME),,,Extracting Urban Sound Information for Residential Areas in Smart Cities Using an End-to-End IoT System,Ee-Leng Tan,1,2021,3,25,IEEE Internet of Things Journal,journal,,,,,,,,,,,,https://www.youtube.com/watch?v=cs5Uyej8Tys,https://www.youtube.com/watch?v=nLat0VSxI6U,https://www.youtube.com/watch?v=EZ7ahcXZOmA,,,,,,,
1,"Digital Signal Processing Laboratory, School of Electrical and Electronic Engineering, Nanyang Technological University",Spatial Audio,,,Primary Ambient Extraction Using Ambient Phase Estimation with a Sparsity Constraint,Jianjun He,1,2014,12,31,IEEE Signal Processing Letters,journal,,https://hdl.handle.net/10356/107464,,,,,,,,,,,,,,,,,,,
1,"Digital Signal Processing Laboratory, School of Electrical and Electronic Engineering, Nanyang Technological University",Fast HRTF Acquisition,,,On the Preprocessing and Postprocessign of HRTF Individualization based on Sparse Representation of Anthropometric Features,Jianjun He,1,2015,4,19,"40th IEEE International Conference on Acoustics, Speech, and Signal Processing (ICASSP 2015)",conference,,https://hdl.handle.net/10356/82913,,,,,,,,,,,,,,,,,,,
1,"Digital Signal Processing Laboratory, School of Electrical and Electronic Engineering, Nanyang Technological University",Spatial Audio,,,Primary Ambient Extraction Using Ambient Spectrum Estimation for Immersive Spatial Audio Reproduction,Jianjun He,1,2015,5,18,"IEEE/ACM Transactions on Audio, Speech, and Language Processing",journal,,https://hdl.handle.net/10356/81370,,,,,,,,,,,,,,,,,,,
1,"Digital Signal Processing Laboratory, School of Electrical and Electronic Engineering, Nanyang Technological University",Spatial Audio,,,Time-Shifting based Primary Ambient Extraction for Spatial Audio Reproduction,Jianjun He,1,2015,6,1,"IEEE/ACM Transactions on Audio, Speech, and Language Processing",journal,,https://hdl.handle.net/10356/81365,,,,,,,,,,,,,,,,,,,
1,"Digital Signal Processing Laboratory, School of Electrical and Electronic Engineering, Nanyang Technological University",Cities of Tomorrow: Augmenting Urban Soundscapes (COTAUS),Soundscape Augmentation,,Suitability of Natural Sounds to Enhance Soundscape Quality in Urban Residential Areas,Joo Young Hong,1,2017,7,23,24th International Congress on Sound and Vibration (ICSV 2017),conference,,https://hdl.handle.net/10356/83014,,,,,,,,,,,,,,,,,,,
1,"Digital Signal Processing Laboratory, School of Electrical and Electronic Engineering, Nanyang Technological University",Cities of Tomorrow: Augmenting Urban Soundscapes (COTAUS),Soundscape Evaluation,,Spatial Audio for Soundscape Design: Recording and Reproduction,Joo Young Hong,1,2017,6,16,Applied Sciences,journal,,https://hdl.handle.net/10356/88629,,,,,,,,,,,,,,,,,,,
1,"Digital Signal Processing Laboratory, School of Electrical and Electronic Engineering, Nanyang Technological University",Cities of Tomorrow: Augmenting Urban Soundscapes (COTAUS),Soundscape Evaluation,,Quality Assessment of Acoustic Environment Reproduction Methods for Cinematic Virtual Reality in Soundscape Application,Joo Young Hong,1,2018,12,6,Building and Environment,journal,,https://hdl.handle.net/10356/88359,,,,,,,,,,,,,,,,,,,
1,"Digital Signal Processing Laboratory, School of Electrical and Electronic Engineering, Nanyang Technological University",Cities of Tomorrow: Augmenting Urban Soundscapes (COTAUS),Soundscape Augmentation,,Effects of Adding Natural Sounds to Urban Noises on the Perceived Loudness of Noise and Soundscape Quality,Joo Young Hong,1,2019,11,20,Science of the Total Environment,journal,,https://www.researchgate.net/publication/337404409_Effects_of_adding_natural_sounds_to_urban_noises_on_the_perceived_loudness_of_noise_and_soundscape_quality,,,,,,,,,,,,,,,,,,,
1,"Digital Signal Processing Laboratory, School of Electrical and Electronic Engineering, Nanyang Technological University",Cities of Tomorrow: Augmenting Urban Soundscapes (COTAUS),Soundscape Augmentation,,Effects of Contexts in Urban Residential Areas on the Pleasantness and Appropriateness of Natural Sounds,Joo Young Hong,1,2020,9,6,Sustainable Cities and Society,journal,,https://discovery.ucl.ac.uk/id/eprint/10111355/1/SCSI_DRNTU.pdf,,,,,,,,,,,,,,,,,,,
1,"Digital Signal Processing Laboratory, School of Electrical and Electronic Engineering, Nanyang Technological University",Cities of Tomorrow: Augmenting Urban Soundscapes (COTAUS),Soundscape Augmentation,,A Mixed-Reality Approach to Soundscape Assessment of Outdoor Urban Environments Augmented with Natural Sounds,Joo Young Hong,1,2021,2,12,Building and Environment,journal,,https://www.semanticscholar.org/paper/A-mixed-reality-approach-to-soundscape-assessment-Hong-Lam/e354f010abdcc789eee1b02bf882198bf27c492d,,,,,https://doi.org/10.21979/N9/KE0901,,,,,,,,,,,,,,
1,"Digital Signal Processing Laboratory, School of Electrical and Electronic Engineering, Nanyang Technological University",Soundscapes,Soundscape Attributes Translation Project,,Quantitative Evaluation Approach for Translation of Perceptual Soundscape Attributes: Initial Application to the Thai Language,Karn N. Watcharasupat,1,2022,10,25,Applied Acoustics _Special Issue on Soundscape Attributes Translation: Current Projects and Challenges_,journal,,https://arxiv.org/abs/2203.12245,,,,,,,,,,,,,,,,,,,
1,"Digital Signal Processing Laboratory, School of Electrical and Electronic Engineering, Nanyang Technological University",Cities of Tomorrow: Augmenting Urban Soundscapes (COTAUS),Soundscape Augmentation,,Autonomous In-Situ Soundscape Augmentation via Joint Selection of Masker and Gain,Karn N. Watcharasupat,1,2022,7,22,IEEE Signal Processing Letters,journal,,https://arxiv.org/abs/2204.13883,,,,,,,,https://www.youtube.com/watch?v=cf5m6z-fvjk,,,,,,,,,,https://www.overleaf.com/read/trtsdyzdkgpr,https://www.overleaf.com/read/yxgwzwsfrbzn
1,"Digital Signal Processing Laboratory, School of Electrical and Electronic Engineering, Nanyang Technological University",Fast HRTF Acquisition,,,Modeling Distance-Dependent Individual Head-Related Transfer Functions in the Horizontal Plane using Frontal Projection Headphones,Kaushik Sunder,1,2015,7,8,The Journal of the Acoustical Society of America,journal,,https://hdl.handle.net/10356/81897,,,,,,,,,,,,,,,,,,,
1,"Digital Signal Processing Laboratory, School of Electrical and Electronic Engineering, Nanyang Technological University",Cities of Tomorrow: Augmenting Urban Soundscapes (COTAUS),Soundscape Evaluation,,Validation of Binaural Recordings with Head Tracking for use in Soundscape Evaluation,Kenneth Ooi,1,2017,8,27,46th International Congress and Exposition on Noise Control Engineering (Inter-Noise 2017),conference,,https://hdl.handle.net/10356/88176,,,,,,,,,,,,,,,,,,,
1,"Digital Signal Processing Laboratory, School of Electrical and Electronic Engineering, Nanyang Technological University",Cities of Tomorrow: Augmenting Urban Soundscapes (COTAUS),Soundscape Evaluation,,A Deep Learning Approach for Modelling Perceptual Attributes of Soundscapes,Kenneth Ooi,1,2020,8,23,49th International Congress and Exposition on Noise Control Engineering (Inter-Noise 2020),conference,,https://www.researchgate.net/publication/344609366_A_deep_learning_approach_for_modelling_perceptual_attributes_of_soundscapes,,,,,,,,https://www.youtube.com/watch?v=G9zwq1nGZjQ,,,,,,,,,,,
1,"Digital Signal Processing Laboratory, School of Electrical and Electronic Engineering, Nanyang Technological University",Detection and Classification of Acoustic Scenes and Events (DCASE),,,Ensemble of Pruned Low-Complexity Models for Acoustic Scene Classification,Kenneth Ooi,1,2020,11,2,5th Workshop on Detection and Classification of Acoustic Scenes and Events (DCASE 2020),conference,,https://dcase.community/documents/workshop2020/proceedings/DCASE2020Workshop_Ooi_24.pdf,,https://github.com/kenowr/DCASE-2020-Task-1B,,,,,,https://www.youtube.com/watch?v=CiaBpajZLDU,,,,,,,,,,,
1,"Digital Signal Processing Laboratory, School of Electrical and Electronic Engineering, Nanyang Technological University",Audio Intelligence Monitoring at the Edge (AIME),,,A Strongly-Labelled Polyphonic Dataset of Urban Sounds with Spatiotemporal Context,Kenneth Ooi,1,2021,12,14,13th Asia Pacific Signal and Information Processing Association Annual Summit and Conference (APSIPA ASC 2021),conference,Zenodo version has over 10k downloads and DR-NTU version has 1363 views + 755 downloads a.a. 20220826,https://arxiv.org/abs/2111.02006,,https://github.com/ntudsp/singapura,,,,https://doi.org/10.21979/N9/Y8UQ6F,https://zenodo.org/record/5645825#.Ywey8RxBzdw,https://www.youtube.com/watch?v=wSO1xNUIouo,,,,,,,,,,,
1,"Digital Signal Processing Laboratory, School of Electrical and Electronic Engineering, Nanyang Technological University",Cities of Tomorrow: Augmenting Urban Soundscapes (COTAUS),Soundscape Evaluation,,Automation of Binaural Headphone Audio Calibration on an Artificial Head,Kenneth Ooi,1,2021,2,26,MethodsX,journal,,https://doi.org/10.1016/j.mex.2021.101288,,https://doi.org/10.21979/N9/0KYIAU,,,,,,,,,,,,,,,,,
0,"Digital Signal Processing Laboratory, School of Electrical and Electronic Engineering, Nanyang Technological University",Soundscapes,Soundscape Attributes Translation Project,,MATLAB GUI for SATP Stage 2 Validation Experiments,Kenneth Ooi,1,2021,7,19,,code-repo,,,,,,,,,,,,,,,,https://github.com/kenowr/satp-gui,https://www.youtube.com/watch?v=TRRQxgYLnUE,https://www.youtube.com/watch?v=LyxceoRABsc,,,
1,"Digital Signal Processing Laboratory, School of Electrical and Electronic Engineering, Nanyang Technological University",Cities of Tomorrow: Augmenting Urban Soundscapes (COTAUS),Soundscape Augmentation,,Probably Pleasant? A Neural-Probabilistic Approach to Automatic Masker Selection for Urban Soundscape Augmentation,Kenneth Ooi,1,2022,5,7,"47th IEEE International Conference on Acoustics, Speech, and Signal Processing (ICASSP 2022)",conference,,https://hdl.handle.net/10356/158000,,,,,https://doi.org/10.21979/N9/YSJQKD,,,https://www.youtube.com/watch?v=5Fy1fbZOjfQ,,,,,,,,,,https://www.overleaf.com/read/wycfyjdftrmy,https://www.overleaf.com/read/wkshdjwygggr
1,"Digital Signal Processing Laboratory, School of Electrical and Electronic Engineering, Nanyang Technological University",Cities of Tomorrow: Augmenting Urban Soundscapes (COTAUS),Soundscape Augmentation,,ARAUS: A Large-Scale Dataset and Baseline Models of Affective Responses to Augmented Urban Soundscapes,Kenneth Ooi,1,2023,2,22,IEEE Transactions on Affective Computing,journal,,https://doi.org/10.48550/arXiv.2207.01078,,https://github.com/ntudsp/araus-dataset-baseline-models,,,https://doi.org/10.21979/N9/9OTEVX,,,,,,,,,,,,,,
1,"Digital Signal Processing Laboratory, School of Electrical and Electronic Engineering, Nanyang Technological University",Cities of Tomorrow: Augmenting Urban Soundscapes (COTAUS),Soundscape Mapping,,Singapore Soundscape Site Selection Survey (S5): Identification of Characteristic Soundscapes of Singapore via Weighted _k_-means Clustering,Kenneth Ooi,1,2022,6,19,MDPI Sustainability _Special Issue on Designing Sustainable Urban Soundscapes_,journal,,https://doi.org/10.3390/su14127485,,https://github.com/ntudsp/singapore-soundscape-site-selection-survey,,,https://doi.org/10.21979/N9/BBBPMO,,,,,,,,https://www.google.com/maps/d/u/0/edit?mid=16fjoOwG-AnmwhTfc4MR11DrL_6iDL979,,,,,https://www.overleaf.com/read/srcgjvrhwgth,
1,"Digital Signal Processing Laboratory, School of Electrical and Electronic Engineering, Nanyang Technological University",Cities of Tomorrow: Active Noise Control (COTANC),,,A Hybrid Approach to Active and Passive Noise Control for Open Windows,Murao Tatsuya,1,2019,6,13,Applied Acoustics,journal,,https://hdl.handle.net/10356/149977,,,,,,,,,,,,,,,,,,,
1,"Digital Signal Processing Laboratory, School of Electrical and Electronic Engineering, Nanyang Technological University",Parametric Loudspeakers,,,A Comparative Analysis of Preprocessing Methods for the Parametric Loudspeaker Based on the Khokhlov-Zabolotskaya-Kuznetsov Equation for Speech Reproduction,Peifeng Ji,1,2010,8,30,"IEEE Transactions on Audio, Speech, and Language Processing",journal,,https://hdl.handle.net/10356/93869,,,,,,,,,,,,,,,,,,,
1,"Digital Signal Processing Laboratory, School of Electrical and Electronic Engineering, Nanyang Technological University",Fast HRTF Acquisition,,,A Unity Based Platform for Individualized HRTF Research and Development: From On-the-Fly Fast Acquisition to Spatial Audio Renderer,Santi Peksi,1,2019,8,19,2019 AES International Conference on Headphone Technology,conference,,,,,https://github.com/EEEDSPLab/iHRTF-Spatializer,https://github.com/EEEDSPLab/360SofaPlayer,,,,,,,,,,,,,,,
1,"Digital Signal Processing Laboratory, School of Electrical and Electronic Engineering, Nanyang Technological University",Cities of Tomorrow: Active Noise Control (COTANC),,,An Improved Selective Active Noise Control Algorithm Based on Empirical Wavelet Transform,Shulin Wen,1,2020,5,4,"45th IEEE International Conference on Acoustics, Speech, and Signal Processing (ICASSP 2020)",conference,,,,,,,,,,https://www.youtube.com/watch?v=4Ts5cIO26po,,,,,,,,,,,
1,"Digital Signal Processing Laboratory, School of Electrical and Electronic Engineering, Nanyang Technological University",Cities of Tomorrow: Active Noise Control (COTANC),,,Using Empirical Wavelet Transform to Speed up Selective Filtered Active Noise Control System,Shulin Wen,1,2020,5,14,The Journal of the Acoustical Society of America,journal,,https://hdl.handle.net/10356/142538,,,,,,,,,,,,,,,,,,,
1,"Digital Signal Processing Laboratory, School of Electrical and Electronic Engineering, Nanyang Technological University",Detection and Classification of Acoustic Scenes and Events (DCASE),,,A Sequence Matching Network for Polyphonic Sound Event Localization and Detection,Thi Ngoc Tho Nguyen,1,2020,5,4,"45th IEEE International Conference on Acoustics, Speech, and Signal Processing (ICASSP 2020)",conference,,https://arxiv.org/abs/2002.05865,,,,,,,,https://www.youtube.com/watch?v=CjsZIX4xR-o,,,,,,,,,,,
1,"Digital Signal Processing Laboratory, School of Electrical and Electronic Engineering, Nanyang Technological University",Detection and Classification of Acoustic Scenes and Events (DCASE),,,"Ensemble of Sequence Matching Networks for Dynamic Sound Event Localization, Detection, and Tracking",Thi Ngoc Tho Nguyen,1,2020,11,2,5th Workshop on Detection and Classification of Acoustic Scenes and Events (DCASE 2020),conference,,https://dcase.community/documents/workshop2020/proceedings/DCASE2020Workshop_Nguyen_55.pdf,,,,,,,,https://www.youtube.com/watch?v=WWzieXXh12U,,,,,,,,,,,
1,"Digital Signal Processing Laboratory, School of Electrical and Electronic Engineering, Nanyang Technological University",Detection and Classification of Acoustic Scenes and Events (DCASE),,,On the Effectiveness of Spatial and Multi-Channel Features for Multi-Channel Polyphonic Sound Event Detection,Thi Ngoc Tho Nguyen,1,2020,11,2,5th Workshop on Detection and Classification of Acoustic Scenes and Events (DCASE 2020),conference,,https://dcase.community/documents/workshop2020/proceedings/DCASE2020Workshop_Nguyen_54.pdf,,,,,,,,https://www.youtube.com/watch?v=oCjfxE1cIlU,,,,,,,,,,,
1,"Digital Signal Processing Laboratory, School of Electrical and Electronic Engineering, Nanyang Technological University",Detection and Classification of Acoustic Scenes and Events (DCASE),,,Robust Source Counting and DOA Estimation Using Spatial Pseudo-Spectrum and Convolutional Neural Network,Thi Ngoc Tho Nguyen,1,2020,8,26,"IEEE/ACM Transactions on Audio, Speech, and Language Processing",journal,,https://hdl.handle.net/10356/144539,,,,,,,,,,,,,,,,,,,
1,"Digital Signal Processing Laboratory, School of Electrical and Electronic Engineering, Nanyang Technological University",Detection and Classification of Acoustic Scenes and Events (DCASE),,,A General Network Architecture for Sound Event Localization and Detection Using Transfer Learning and Recurrent Neural Network,Thi Ngoc Tho Nguyen,1,2021,6,6,"46th IEEE International Conference on Acoustics, Speech, and Signal Processing (ICASSP 2021)",conference,,https://arxiv.org/abs/2011.07859,,https://github.com/thomeou/General-network-architecture-for-sound-event-localization-and-detection,,,,,,,,,,,,,,,,,
1,"Digital Signal Processing Laboratory, School of Electrical and Electronic Engineering, Nanyang Technological University",Detection and Classification of Acoustic Scenes and Events (DCASE),,,SALSA-Lite: A Fast and Effective Feature for Polyphonic Sound Event Localization and Detection with Microphone Arrays,Thi Ngoc Tho Nguyen,1,2022,5,7,"47th IEEE International Conference on Acoustics, Speech, and Signal Processing (ICASSP 2022)",conference,Used as part of baseline model for DCASE 2022 Challenge Task 3 (https://dcase.community/challenge2022/task-sound-event-localization-and-detection-evaluated-in-real-spatial-sound-scenes#baseline-system),https://arxiv.org/abs/2111.08192,,https://github.com/thomeou/SALSA-Lite,,,,,,,,,,,,,,,,,
1,"Digital Signal Processing Laboratory, School of Electrical and Electronic Engineering, Nanyang Technological University",Detection and Classification of Acoustic Scenes and Events (DCASE),,,SALSA: Spatial Cue-Augmented Log-Spectrogram Features for Polyphonic Sound Event Localization and Detection,Thi Ngoc Tho Nguyen,1,2022,5,20,"IEEE/ACM Transactions on Audio, Speech, and Language Processing",journal,Github repository has 12 forks and 41 stars a.a. 20220826,https://arxiv.org/abs/2110.00275,,https://github.com/thomeou/SALSA,,,,,,,,,,,,,,,,,
1,"Digital Signal Processing Laboratory, School of Electrical and Electronic Engineering, Nanyang Technological University",Cities of Tomorrow: Augmenting Urban Soundscapes (COTAUS),Soundscape Augmentation,,Deployment of an IoT System for Adaptive In-Situ Soundscape Augmentation,Trevor Wong,1,2022,8,21,51st International Congress and Exposition on Noise Control Engineering (Inter-Noise 2022),conference,,https://arxiv.org/abs/2204.13890,,,,,,,,,,,,,,,,,,,
1,"Digital Signal Processing Laboratory, School of Electrical and Electronic Engineering, Nanyang Technological University",Parametric Loudspeakers,,,Inverse System Design Based on the Volterra Modeling of a Parametric Loudspeaker System,Wei Ji,1,2012,9,6,AIP Conference Proceedings,conference,,https://hdl.handle.net/10356/96093,,,,,,,,,,,,,,,,,,,
1,"Digital Signal Processing Laboratory, School of Electrical and Electronic Engineering, Nanyang Technological University",Parametric Loudspeakers,,,Audio Projection: Directional Sound and its Applications in Immersive Communication,Woon-Seng Gan,1,2011,1,,IEEE Signal Processing Magazine,journal,"47 paper citations, 16 patent citations, 2314 full text views a.a. 20240716",https://hdl.handle.net/10356/93986,,,,,,,,,,,,,,,,,,,
1,"Digital Signal Processing Laboratory, School of Electrical and Electronic Engineering, Nanyang Technological University",Audio Intelligence Monitoring at the Edge (AIME),,,Digitization of Urban Sound in a Smart Nation,Woon-Seng Gan,0,2020,5,4,"45th IEEE International Conference on Acoustics, Speech, and Signal Processing (ICASSP 2020)",conference,,,,,,,,,,https://www.youtube.com/watch?v=cLZ3vz9UkUU,,,,,,,,,,,
1,"Digital Signal Processing Laboratory, School of Electrical and Electronic Engineering, Nanyang Technological University",Cities of Tomorrow: Active Noise Control (COTANC),,,A Hybrid Approach to Combine Wireless and Earcup Microphones for ANC Headphones with Error Separation Module,Xiaoyi Shen,1,2022,5,7,"47th IEEE International Conference on Acoustics, Speech, and Signal Processing (ICASSP 2022)",conference,,,,,,,,,,https://www.youtube.com/watch?v=1KhRSRIiq2k,,,,,,,,,,,
1,"Digital Signal Processing Laboratory, School of Electrical and Electronic Engineering, Nanyang Technological University",Cities of Tomorrow: Active Noise Control (COTANC),,,Implementation of Multi-channel Active Noise Control based on Back-propagation Mechanism,Zhengding Luo,1,2022,10,24,24th International Congress on Acoustics (ICA 2022),conference,,https://arxiv.org/abs/2208.08086,,https://github.com/ShiDongyuan/Multichannel_FxLMS_python_code,,,,,,,,,,,,,,,,,
1,"Digital Signal Processing Laboratory, School of Electrical and Electronic Engineering, Nanyang Technological University",Cities of Tomorrow: Active Noise Control (COTANC),,,Performance Evaluation of Selective Fixed-filter Active Noise Control based on Different Convolutional Neural Networks,Zhengding Luo,1,2022,8,21,51st International Congress and Exposition on Noise Control Engineering (Inter-Noise 2022),conference,,https://arxiv.org/pdf/2208.08440.pdf,,https://github.com/ShiDongyuan/Selective_ANC_CNN,,,,,,,,,,,,,,,,,
1,"Digital Signal Processing Laboratory, School of Electrical and Electronic Engineering, Nanyang Technological University",Cities of Tomorrow: Active Noise Control (COTANC),,,A Hybrid SFANC-FxNLMS Algorithm for Active Noise Control based on Deep Learning,Zhengding Luo,1,2022,4,21,IEEE Signal Processing Letters,journal,,https://arxiv.org/abs/2208.08082,,https://github.com/Luo-Zhengding/SFANC-FxNLMS-ANC-Algorithm-based-on-Deep-Learning,,,,,,,,,,,,,,,,,
1,"Digital Signal Processing Laboratory, School of Electrical and Electronic Engineering, Nanyang Technological University",Cities of Tomorrow: Augmenting Urban Soundscapes (COTAUS),Soundscape Augmentation,,Effect of Masker Orientation on Masking Efficacy in Soundscape Applications,Zhen-Ting Ong,1,2017,8,27,46th International Congress and Exposition on Noise Control Engineering (Inter-Noise 2017),conference,,https://hdl.handle.net/10356/88227,,,,,,,,,,,,,,,,,,,
1,"Digital Signal Processing Laboratory, School of Electrical and Electronic Engineering, Nanyang Technological University",Cities of Tomorrow: Augmenting Urban Soundscapes (COTAUS),Soundscape Evaluation,,Do uHear? Validation of uHear App for Preliminary Screening of Hearing Ability in Soundscape Studies,Zhen-Ting Ong,1,2022,10,24,24th International Congress on Acoustics (ICA 2022),conference,,https://arxiv.org/abs/2207.09221,,https://github.com/ntudsp/douHear,,,https://doi.org/10.21979/N9/JQDI6F,,,,,,,,,,,,,https://www.overleaf.com/read/jjwjmvpmztfr,
1,"Digital Signal Processing Laboratory, School of Electrical and Electronic Engineering, Nanyang Technological University",Cities of Tomorrow: Augmenting Urban Soundscapes (COTAUS),Soundscape Evaluation,,A Benchmark Comparison of Perceptual Models for Soundscapes on a Large-scale Augmented Soundscape Dataset,Kenneth Ooi,1,2022,10,24,24th International Congress on Acoustics (ICA 2022),conference,,https://hdl.handle.net/10356/164983,,,,,,,,,,,,,,,,,,https://www.overleaf.com/read/nnptvcnhgcss,
1,"Digital Signal Processing Laboratory, School of Electrical and Electronic Engineering, Nanyang Technological University",Cities of Tomorrow: Augmenting Urban Soundscapes (COTAUS),Soundscape Augmentation,,Autonomous Soundscape Augmentation with Multimodal Fusion of Visual and Participant-linked Inputs,Kenneth Ooi,1,2023,6,4,"48th IEEE International Conference on Acoustics, Speech, and Signal Processing (ICASSP 2023)",conference,,https://arxiv.org/abs/2303.08342,,,,,https://doi.org/10.21979/N9/9OTEVX,,,https://youtu.be/zfbrsi0iM34,,,,,,,,,,https://www.overleaf.com/read/zvsfnjckktbm,https://www.overleaf.com/read/jwwpsvfwndyt
1,"Digital Signal Processing Laboratory, School of Electrical and Electronic Engineering, Nanyang Technological University",Cities of Tomorrow: Augmenting Urban Soundscapes (COTAUS),Soundscape Augmentation,,Effect of masker selection schemes on the perceived affective quality of soundscapes: A pilot study,Zhen-Ting Ong,1,2023,8,20,52nd International Congress and Exposition on Noise Control Engineering (Inter-Noise 2023),conference,,https://hdl.handle.net/10356/168668,,,,,https://doi.org/10.21979/N9/K1P3IL,,,,,,,,,,,,,,
1,"Digital Signal Processing Laboratory, School of Electrical and Electronic Engineering, Nanyang Technological University",Cities of Tomorrow: Augmenting Urban Soundscapes (COTAUS),Soundscape Augmentation,,Preliminary investigation of the short-term in situ performance of an automatic masker selection system,Bhan Lam,1,2023,8,20,52nd International Congress and Exposition on Noise Control Engineering (Inter-Noise 2023),conference,,https://hdl.handle.net/10356/168669,,,,,,,,,,,,,,,,,,,
1,"Digital Signal Processing Laboratory, School of Electrical and Electronic Engineering, Nanyang Technological University",Cities of Tomorrow: Augmenting Urban Soundscapes (COTAUS),Soundscape Augmentation,,ARAUSv2: An Expanded Dataset and Multimodal Models of Affective Responses to Augmented Urban Soundscapes,Kenneth Ooi,1,2023,8,20,52nd International Congress and Exposition on Noise Control Engineering (Inter-Noise 2023),conference,,https://hdl.handle.net/10356/168665,,https://github.com/ntudsp/araus-dataset-baseline-models,,,https://doi.org/10.21979/N9/9OTEVX,,,,,,,,,,,,,,
1,"Digital Signal Processing Laboratory, School of Electrical and Electronic Engineering, Nanyang Technological University",Cities of Tomorrow: Augmenting Urban Soundscapes (COTAUS),Soundscape Mapping,,Lion City Soundscapes: Modified Partitioning Around Medoids for a Perceptually Diverse Dataset of Singaporean Soundscapes,Kenneth Ooi,1,2024,4,4,JASA Express Letters _Special Issue on Advances in Soundscape: Emerging Trends and Challenges in Research and Practice_,journal,,https://doi.org/10.1121/10.0025830,,https://github.com/ntudsp/lion-city-soundscapes,,,https://doi.org/10.21979/N9/AVHSBX,,,,,,,,http://18.136.105.85/,https://github.com/ntudsp/lion-city-soundscapes-visualisation,,,,,
1,"Digital Signal Processing Laboratory, School of Electrical and Electronic Engineering, Nanyang Technological University",Cities of Tomorrow: Active Noise Control (COTANC),,,Real-time Modelling of Observation Filter in the Remote Microphone Technique for an Active Noise Control Application,Chung Kwan Lai,1,2023,6,4,"48th IEEE International Conference on Acoustics, Speech, and Signal Processing (ICASSP 2023)",conference,,https://doi.org/10.48550/arXiv.2303.12517,,,,,,,,https://www.youtube.com/watch?v=ktY-aYo1J74,,,,,,,,,,https://www.overleaf.com/read/mnkpqynxzfnx,https://www.overleaf.com/read/mtgynynbcrgy
1,"Digital Signal Processing Laboratory, School of Electrical and Electronic Engineering, Nanyang Technological University",Cities of Tomorrow: Augmenting Urban Soundscapes (COTAUS),Soundscape and Health,,Reliability of wrist-worn sensors for measuring physiological responses in soundscape assessments,Bhan Lam,1,2018,8,26,47th International Congress and Exposition on Noise Control Engineering (Inter-Noise 2018),conference,,https://www.researchgate.net/publication/329673107_Reliability_of_wrist-worn_sensors_for_measuring_physiological_responses_in_soundscape_assessments,,,,,,,,,,,,,,,,,,,
1,"Digital Signal Processing Laboratory, School of Electrical and Electronic Engineering, Nanyang Technological University",Cities of Tomorrow: Augmenting Urban Soundscapes (COTAUS),Soundscape Evaluation,,A multidimensional assessment of construction machinery noises based on perceptual attributes and psychoacoustic parameters,Joo Young Hong,1,2022,5,19,Automation in Construction,journal,Publisher embargo until 2024-05-18,https://hdl.handle.net/10356/159243,,,,,,,,,,,,,,,,,,,
1,"Digital Signal Processing Laboratory, School of Electrical and Electronic Engineering, Nanyang Technological University",Cities of Tomorrow: Augmenting Urban Soundscapes (COTAUS),Soundscape Augmentation,,The effects of spatial separations between water sound and traffic noise sources on soundscape assessment,Joo Young Hong,1,2019,9,25,Building and Environment,journal,,https://www.semanticscholar.org/paper/The-effects-of-spatial-separations-between-water-on-Hong-Lam/e1b8ce5c127028c3b94dad0589d37c77e47886b1,,,,,,,,,,,,,,,,,,,
1,"Digital Signal Processing Laboratory, School of Electrical and Electronic Engineering, Nanyang Technological University",Cities of Tomorrow: Augmenting Urban Soundscapes (COTAUS),Soundscape Evaluation,,Development of a feedback interface for in-situ soundscape evaluation,Furi Andi Karnapi,1,2021,8,1,50th International Congress and Exposition on Noise Control Engineering (Inter-Noise 2021),conference,,https://www.researchgate.net/publication/353581329_Development_of_a_feedback_interface_for_in-situ_soundscape_evaluation,,,,,,,,,,,,,,,,,,,
1,"Digital Signal Processing Laboratory, School of Electrical and Electronic Engineering, Nanyang Technological University",Cities of Tomorrow: Augmenting Urban Soundscapes (COTAUS),Soundscape Augmentation,,Evaluation of preferred levels of natural sounds in situ environment through an augmented reality device,Bhan Lam,1,2019,9,9,23rd International Congress on Acoustics (ICA 2019),conference,,https://doi.org/10.18154/RWTH-CONV-239578,,,,,,,,,,,,,,,,,,,
1,"Digital Signal Processing Laboratory, School of Electrical and Electronic Engineering, Nanyang Technological University",Cities of Tomorrow: Augmenting Urban Soundscapes (COTAUS),Soundscape Augmentation,,Prediction models of desirable levels of birdsong and water sound in a noisy environment: A laboratory experiment based on virtual reality,Zhen-Ting Ong,1,2019,9,9,23rd International Congress on Acoustics (ICA 2019),conference,,https://doi.org/10.18154/RWTH-CONV-239595,,,,,,,,,,,,,,,,,,,
1,"Digital Signal Processing Laboratory, School of Electrical and Electronic Engineering, Nanyang Technological University",Cities of Tomorrow: Augmenting Urban Soundscapes (COTAUS),Soundscape Augmentation,,Effect of spatial separation between traffic noise and water sound on soundscape assessment,Joo Young Hong,1,2019,6,16,48th International Congress and Exposition on Noise Control Engineering (Inter-Noise 2019),conference,,https://www.sea-acustica.es/INTERNOISE_2019/Fchrs/Proceedings/1827.pdf,,,,,,,,,,,,,,,,,,,
1,"Digital Signal Processing Laboratory, School of Electrical and Electronic Engineering, Nanyang Technological University",Cities of Tomorrow: Active Noise Control (COTANC),,,A Momentum Two-Gradient Direction Algorithm With Variable Step Size Applied To Solve Practical Output Constraint Issue For Active Noise Control,Xiaoyi Shen,1,2023,6,4,"48th IEEE International Conference on Acoustics, Speech, and Signal Processing (ICASSP 2023)",conference,,https://arxiv.org/abs/2303.08397,,,,,,,,https://www.youtube.com/watch?v=SPDqBHpAUIY,,,,,,,,,,,https://www.overleaf.com/read/gjrqfnjsrwty
1,"Digital Signal Processing Laboratory, School of Electrical and Electronic Engineering, Nanyang Technological University",Fast HRTF Acquisition,,,Implementing Continuous HRTF Measurement In Near-Field,Ee-Leng Tan,1,2023,6,4,"48th IEEE International Conference on Acoustics, Speech, and Signal Processing (ICASSP 2023)",conference,,https://arxiv.org/abs/2303.08379,,,,,,,,https://www.youtube.com/watch?v=9xz3z8D0O5k,,,,,,,,,,,https://www.overleaf.com/read/gxxwtssmwqjp
1,"Digital Signal Processing Laboratory, School of Electrical and Electronic Engineering, Nanyang Technological University",Cities of Tomorrow: Active Noise Control (COTANC),,,A Practical Distributed Active Noise Control Algorithm Overcoming Communication Restrictions,Junwei Ji,1,2023,6,4,"48th IEEE International Conference on Acoustics, Speech, and Signal Processing (ICASSP 2023)",conference,,https://www.researchgate.net/publication/369266108_A_practical_distributed_active_noise_control_algorithm_overcoming_communication_restrictions,,,,,,,,https://www.youtube.com/watch?v=yVqthF1cS70,,,,,,,,,,https://www.overleaf.com/read/rxjdpgsmskbf,https://www.overleaf.com/read/dbxypskmqxdr
1,"Digital Signal Processing Laboratory, School of Electrical and Electronic Engineering, Nanyang Technological University",Cities of Tomorrow: Active Noise Control (COTANC),,,Deep Generative Fixed-Filter Active Noise Control,Zhengding Luo,1,2023,6,4,"48th IEEE International Conference on Acoustics, Speech, and Signal Processing (ICASSP 2023)",conference,,https://arxiv.org/abs/2303.05788,,,,,,,,https://www.youtube.com/watch?v=jQoZVlk-cqY,,,,,,,,,,,https://www.overleaf.com/read/ppcgqnzwwwgj
1,"Digital Signal Processing Laboratory, School of Electrical and Electronic Engineering, Nanyang Technological University",Cities of Tomorrow: Augmenting Urban Soundscapes (COTAUS),Soundscape Augmentation,,Anti-noise window: Subjective perception of active noise reduction and effect of informational masking,Bhan Lam,1,2023,7,7,Sustainable Cities and Society,journal,,https://arxiv.org/abs/2307.05533,,https://github.com/ntudsp/SPANR,,,https://doi.org/10.21979/N9/SEGEFM,,,,,,,,,,,,,,
1,"Digital Signal Processing Laboratory, School of Electrical and Electronic Engineering, Nanyang Technological University",Cities of Tomorrow: Active Noise Control (COTANC),,,Anti-noise window: Subjective perception of active noise reduction and effect of informational masking,Bhan Lam,1,2023,7,7,Sustainable Cities and Society,journal,,https://arxiv.org/abs/2307.05533,,https://github.com/ntudsp/SPANR,,,https://doi.org/10.21979/N9/SEGEFM,,,,,,,,,,,,,,
1,"Digital Signal Processing Laboratory, School of Electrical and Electronic Engineering, Nanyang Technological University",Soundscapes,Soundscape Attributes Translation Project,,Crossing the Linguistic Causeway: Ethnonational Differences on Soundscape Attributes in Bahasa Melayu,Bhan Lam,1,2023,10,10,Applied Acoustics _Special Issue on Soundscape Attributes Translation: Current Projects and Challenges_,journal,,https://arxiv.org/abs/2307.03647,,https://github.com/ntudsp/satp-zsm-stage2,,,https://doi.org/10.21979/N9/9AZ21T,,,,,,,,,,,,,,
1,"Digital Signal Processing Laboratory, School of Electrical and Electronic Engineering, Nanyang Technological University",Cities of Tomorrow: Active Noise Control (COTANC),,,Robust estimation of open aperture active control systems using virtual sensing,Chung Kwan Lai,1,2022,8,21,51st International Congress and Exposition on Noise Control Engineering (Inter-Noise 2022),conference,,https://www.researchgate.net/publication/363658389_Robust_estimation_of_open_aperture_active_control_systems_using_virtual_sensing,,,,,,,,,,,,,,,,,,,
1,"Digital Signal Processing Laboratory, School of Electrical and Electronic Engineering, Nanyang Technological University",Cities of Tomorrow: Active Noise Control (COTANC),,,Transferable Latent of CNN-based Selective Fixed-filter Active Noise Control,Dongyuan Shi,1,2023,3,28,"IEEE/ACM Transactions on Audio, Speech, and Language Processing",journal,,https://www.researchgate.net/publication/371225782_Transferable_Latent_of_CNN-based_Selective_Fixed-filter_Active_Noise_Control,,,,,,,,,,,,,,,,,,,
1,"Digital Signal Processing Laboratory, School of Electrical and Electronic Engineering, Nanyang Technological University",Cities of Tomorrow: Active Noise Control (COTANC),,,A Frequency-Domain Output-Constrained Active Noise Control Algorithm Based on an Intuitive Circulant Convolutional Penalty Factor,Dongyuan Shi,1,2023,3,21,"IEEE/ACM Transactions on Audio, Speech, and Language Processing",journal,,https://www.researchgate.net/publication/369725736_A_Frequency-Domain_Output-Constrained_Active_Noise_Control_Algorithm_Based_on_an_Intuitive_Circulant_Convolutional_Penalty_Factor,,,,,,,,,,,,,,,,,,,
1,"Digital Signal Processing Laboratory, School of Electrical and Electronic Engineering, Nanyang Technological University",Cities of Tomorrow: Active Noise Control (COTANC),,,Active Noise Control in The New Century: The Role and Prospect of Signal Processing,Dongyuan Shi,1,2023,8,20,52nd International Congress and Exposition on Noise Control Engineering (Inter-Noise 2023),conference,,https://arxiv.org/abs/2306.01425,,,,,,,,,,,,,,,,,,,
1,"Digital Signal Processing Laboratory, School of Electrical and Electronic Engineering, Nanyang Technological University",Cities of Tomorrow: Active Noise Control (COTANC),,,MOV-Modified-FxLMS algorithm with Variable Penalty Factor in a Practical Power Output Constrained Active Control System,Chung Kwan Lai,1,2023,6,15,IEEE Signal Processing Letters,journal,,https://arxiv.org/abs/2306.09535,,,,,,,,,,,,,,,,,,,
1,"Digital Signal Processing Laboratory, School of Electrical and Electronic Engineering, Nanyang Technological University",Cities of Tomorrow: Active Noise Control (COTANC),,,A Computation-efficient Online Secondary Path Modeling Technique for Modified FXLMS Algorithm,Junwei Ji,1,2023,8,20,52nd International Congress and Exposition on Noise Control Engineering (Inter-Noise 2023),conference,,https://arxiv.org/abs/2306.11408,,,,,,,,,,,,,,,,,,,
1,"Digital Signal Processing Laboratory, School of Electrical and Electronic Engineering, Nanyang Technological University",Cities of Tomorrow: Active Noise Control (COTANC),,,Block coordinate descent based algorithm for computational complexity reduction in multichannel active noise control system,Dongyuan Shi,1,2020,7,11,Mechanical Systems and Signal Processing,journal,,https://www.researchgate.net/publication/347841632_Block_coordinate_descent_based_algorithm_for_computational_complexity_reduction_in_multichannel_active_noise_control_system,,,,,,,,,,,,,,,,,,,
1,"Digital Signal Processing Laboratory, School of Electrical and Electronic Engineering, Nanyang Technological University",Cities of Tomorrow: Active Noise Control (COTANC),,,Optimal Output-Constrained Active Noise Control Based on Inverse Adaptive Modeling Leak Factor Estimate,Dongyuan Shi,1,2021,3,12,"IEEE/ACM Transactions on Audio, Speech, and Language Processing",journal,,https://www.researchgate.net/publication/350023343_Optimal_Output-Constrained_Active_Noise_Control_Based_on_Inverse_Adaptive_Modeling_Leak_Factor_Estimate,,,,,,,,,,,,,,,,,,,
1,"Digital Signal Processing Laboratory, School of Electrical and Electronic Engineering, Nanyang Technological University",Cities of Tomorrow: Active Noise Control (COTANC),,,Open loop active control of noise through open windows,Chuang Shi,1,2016,11,28,172nd Meeting of the Acoustical Society of America,conference,,https://www.researchgate.net/publication/310759126_Open_loop_active_control_of_noise_through_open_windows,,,,,,,,,,,,,,,,,,,
1,"Digital Signal Processing Laboratory, School of Electrical and Electronic Engineering, Nanyang Technological University",Cities of Tomorrow: Active Noise Control (COTANC),,,A systolic FxLMS structure for implementation of feedforward active noise control on FPGA,Dongyuan Shi,1,2016,12,13,8th Asia Pacific Signal and Information Processing Association Annual Summit and Conference (APSIPA ASC 2016),conference,,https://www.researchgate.net/publication/312562472_A_systolic_FxLMS_structure_for_implementation_of_feedforward_active_noise_control_on_FPGA,,,,,,,,,,,,,,,,,,,
1,"Digital Signal Processing Laboratory, School of Electrical and Electronic Engineering, Nanyang Technological University",Cities of Tomorrow: Active Noise Control (COTANC),,,Multichannel two-gradient direction filtered reference least mean square algorithm for output-constrained multichannel active noise control,Dongyuan Shi,1,2023,1,18,Signal Processing,journal,,https://www.researchgate.net/publication/361964880_Multichannel_Two-Gradient_Direction_Filtered_Reference_Least_Mean_Square_Algorithm_for_Output-Constrained_Multichannel_Active_Noise_Control,,,,,,,,,,,,,,,,,,,
1,"Digital Signal Processing Laboratory, School of Electrical and Electronic Engineering, Nanyang Technological University",Cities of Tomorrow: Active Noise Control (COTANC),,,Computation-efficient solution for fully-connected active noise control window: Analysis and implementation of multichannel adjoint least mean square algorithm,Dongyuan Shi,1,2023,7,18,Mechanical Systems and Signal Processing,journal,,,,https://www.mathworks.com/matlabcentral/fileexchange/127554-multichannel-adjoint-lms-algorithm-for-multichannel-anc,,,,,,,,,,,,,,,,,
1,"Digital Signal Processing Laboratory, School of Electrical and Electronic Engineering, Nanyang Technological University",Cities of Tomorrow: Active Noise Control (COTANC),,,A Wireless Reference Active Noise Control Headphone Using Coherence Based Selection Technique,Xiaoyi Shen,1,2021,6,6,"46th IEEE International Conference on Acoustics, Speech, and Signal Processing (ICASSP 2021)",conference,,https://www.researchgate.net/publication/352170739_A_Wireless_Reference_Active_Noise_Control_Headphone_Using_Coherence_Based_Selection_Technique,,,,,,,,,,,,,,,,,,,
1,"Digital Signal Processing Laboratory, School of Electrical and Electronic Engineering, Nanyang Technological University",Cities of Tomorrow: Active Noise Control (COTANC),,,Comb-partitioned Frequency-domain Constraint Adaptive Algorithm for Active Noise Control,Dongyuan Shi,1,2021,6,22,Signal Processing,journal,,https://www.researchgate.net/publication/352658046_Comb-partitioned_Frequency-domain_Constraint_Adaptive_Algorithm_for_Active_Noise_Control,,,,,,,,,,,,,,,,,,,
1,"Digital Signal Processing Laboratory, School of Electrical and Electronic Engineering, Nanyang Technological University",Cities of Tomorrow: Active Noise Control (COTANC),,,Optimal Penalty Factor for the MOV-FxLMS Algorithm in Active Noise Control System,Dongyuan Shi,1,2021,11,11,IEEE Signal Processing Letters,journal,,https://www.researchgate.net/publication/356149792_Optimal_Penalty_Factor_for_the_MOV-FxLMS_Algorithm_in_Active_Noise_Control_System,,,,,,,,,,,,,,,,,,,
1,"Digital Signal Processing Laboratory, School of Electrical and Electronic Engineering, Nanyang Technological University",Cities of Tomorrow: Active Noise Control (COTANC),,,Multichannel active noise control with spatial derivative constraints to enlarge the quiet zone,Dongyuan Shi,1,2020,5,4,"45th IEEE International Conference on Acoustics, Speech, and Signal Processing (ICASSP 2020)",conference,,https://www.researchgate.net/publication/341084229_Multichannel_Active_Noise_Control_with_Spatial_Derivative_Constraints_to_Enlarge_the_Quiet_Zone,,,,,,,,,,,,,,,,,,,
1,"Digital Signal Processing Laboratory, School of Electrical and Electronic Engineering, Nanyang Technological University",Cities of Tomorrow: Active Noise Control (COTANC),,,Feedforward selective fixed-filter active noise control: Algorithm and implementation,Dongyuan Shi,1,2020,5,5,"IEEE/ACM Transactions on Audio, Speech, and Language Processing",journal,,https://hdl.handle.net/10356/142040,,,,,,,,,,,,,,,,,,,
1,"Digital Signal Processing Laboratory, School of Electrical and Electronic Engineering, Nanyang Technological University",Cities of Tomorrow: Active Noise Control (COTANC),,,Feedforward multichannel virtual-sensing active control of noise through an aperture: Analysis on causality and sensor-actuator constraints,Dongyuan Shi,1,2020,1,13,The Journal of the Acoustical Society of America,journal,,https://hdl.handle.net/10356/142537,,,,,,,,,,,,,,,,,,,
1,"Digital Signal Processing Laboratory, School of Electrical and Electronic Engineering, Nanyang Technological University",Cities of Tomorrow: Active Noise Control (COTANC),,,Active Noise Control based on the Momentum Multichannel Normalized Filtered-x Least Mean Square Algorithm,Dongyuan Shi,1,2020,8,23,49th International Congress and Exposition on Noise Control Engineering (Inter-Noise 2020),conference,,https://hdl.handle.net/10356/169436,,,,,,,,,,,,,,,,,,,
1,"Digital Signal Processing Laboratory, School of Electrical and Electronic Engineering, Nanyang Technological University",Cities of Tomorrow: Active Noise Control (COTANC),,,Convergence behavior analysis of FXLMS algorithm with different leaky term,Shulin Wen,1,2020,8,23,49th International Congress and Exposition on Noise Control Engineering (Inter-Noise 2020),conference,,https://hdl.handle.net/10356/169435,,,,,,,,,,,,,,,,,,,
1,"Digital Signal Processing Laboratory, School of Electrical and Electronic Engineering, Nanyang Technological University",Cities of Tomorrow: Active Noise Control (COTANC),,,Exploiting the underdetermined system in multichannel active noise control for open windows,Jianjun He,1,2019,1,23,Applied Sciences,journal,,https://doi.org/10.3390/app9030390,,,,,,,,,,,,,,,,,,,
1,"Digital Signal Processing Laboratory, School of Electrical and Electronic Engineering, Nanyang Technological University",Cities of Tomorrow: Active Noise Control (COTANC),,,Analysis of multichannel virtual sensing active noise control to overcome spatial correlation and causality constraints,Dongyuan Shi,1,2019,5,12,"44th IEEE International Conference on Acoustics, Speech, and Signal Processing (ICASSP 2019)",conference,,https://www.researchgate.net/publication/332790607_Analysis_of_Multichannel_Virtual_Sensing_Active_Noise_Control_to_Overcome_Spatial_Correlation_and_Causality_Constraints,,,,,,,,,,,,,,,,,,,
1,"Digital Signal Processing Laboratory, School of Electrical and Electronic Engineering, Nanyang Technological University",Cities of Tomorrow: Active Noise Control (COTANC),,,Practical Consideration and Implementation for Avoiding Saturation of Large Amplitude Active Noise Control,Dongyuan Shi,1,2019,9,9,23rd International Congress on Acoustics (ICA 2019),conference,,https://www.researchgate.net/publication/343713404_Practical_Consideration_and_Implementation_for_Avoiding_Saturation_of_Large_Amplitude_Active_Noise_Control,,,,,,,,,,,,,,,,,,,
1,"Digital Signal Processing Laboratory, School of Electrical and Electronic Engineering, Nanyang Technological University",Cities of Tomorrow: Active Noise Control (COTANC),,,Hybrid source arrangement for active control of noise through apertures at oblique incidences: a preliminary investigation,Bhan Lam,1,2018,7,8,25th International Congress on Sound and Vibration (ICSV 2018),conference,,https://www.researchgate.net/publication/329610847_Hybrid_source_arrangement_for_active_control_of_noise_through_apertures_at_oblique_incidences_a_preliminary_investigation,,,,,,,,,,,,,,,,,,,
1,"Digital Signal Processing Laboratory, School of Electrical and Electronic Engineering, Nanyang Technological University",Cities of Tomorrow: Active Noise Control (COTANC),,,A novel selective active noise control algorithm to overcome practical implementation issue,Dongyuan Shi,1,2018,4,15,"43rd IEEE International Conference on Acoustics, Speech, and Signal Processing (ICASSP 2018)",conference,,https://hdl.handle.net/10356/80537,,,,,,,,,,,,,,,,,,,
1,"Digital Signal Processing Laboratory, School of Electrical and Electronic Engineering, Nanyang Technological University",Cities of Tomorrow: Active Noise Control (COTANC),,,On algorithms and implementations of a 4-channel active noise canceling window,Chuang Shi,1,2017,11,6,2017 International Symposium on Intelligent Signal Processing and Communication Systems (ISPACS 2017),conference,,https://www.researchgate.net/publication/322647862_On_algorithms_and_implementations_of_a_4-channel_active_noise_canceling_window,,,,,,,,,,,,,,,,,,,
1,"Digital Signal Processing Laboratory, School of Electrical and Electronic Engineering, Nanyang Technological University",Cities of Tomorrow: Active Noise Control (COTANC),,,Multiple parallel branch with folding architecture for multichannel filtered-x least mean square algorithm,Dongyuan Shi,1,2017,3,5,"42nd IEEE International Conference on Acoustics, Speech, and Signal Processing (ICASSP 2017)",conference,,https://www.researchgate.net/publication/316787122_Multiple_parallel_branch_with_folding_architecture_for_multichannel_filtered-x_least_mean_square_algorithm,,,,,,,,,,,,,,,,,,,
1,"Digital Signal Processing Laboratory, School of Electrical and Electronic Engineering, Nanyang Technological University",Cities of Tomorrow: Active Noise Control (COTANC),,,Effect of the audio amplifier's distortion on feedforward active noise control,Dongyuan Shi,1,2017,12,12,9th Asia Pacific Signal and Information Processing Association Annual Summit and Conference (APSIPA ASC 2017),conference,,https://www.researchgate.net/publication/323192394_Effect_of_the_audio_amplifier%27s_distortion_on_feedforward_active_noise_control,,,,,,,,,,,,,,,,,,,
1,"Digital Signal Processing Laboratory, School of Electrical and Electronic Engineering, Nanyang Technological University",Cities of Tomorrow: Active Noise Control (COTANC),,,Comparison of different development kits and its suitability in signal processing education,Dongyuan Shi,1,2016,3,20,"41st IEEE International Conference on Acoustics, Speech, and Signal Processing (ICASSP 2016)",conference,,https://www.researchgate.net/publication/304372312_Comparison_of_different_development_kits_and_its_suitability_in_signal_processing_education,,,,,,,,,,,,,,,,,,,
1,"Digital Signal Processing Laboratory, School of Electrical and Electronic Engineering, Nanyang Technological University",Cities of Tomorrow: Active Noise Control (COTANC),,,Implementations of wireless active noise control in the headrest,Xiaoyi Shen,1,2022,8,21,51st International Congress and Exposition on Noise Control Engineering (Inter-Noise 2022),conference,,https://www.researchgate.net/publication/369262027_Implementations_of_wireless_active_noise_control_in_the_headrest,,,,,,,,,,,,,,,,,,,
1,"Digital Signal Processing Laboratory, School of Electrical and Electronic Engineering, Nanyang Technological University",Cities of Tomorrow: Active Noise Control (COTANC),,,A multi-channel wireless active noise control headphone with coherence-based weight determination algorithm,Xiaoyi Shen,1,2022,3,9,Journal of Signal Processing Systems,journal,,https://www.researchgate.net/publication/359117076_A_Multi-Channel_Wireless_Active_Noise_Control_Headphone_With_Coherence-Based_Weight_Determination_Algorithm,,,,,,,,,,,,,,,,,,,
1,"Digital Signal Processing Laboratory, School of Electrical and Electronic Engineering, Nanyang Technological University",Cities of Tomorrow: Active Noise Control (COTANC),,,Adaptive-gain algorithm on the fixed filters applied for active noise control headphone,Xiaoyi Shen,1,2021,12,31,Mechanical Systems and Signal Processing,journal,,https://www.researchgate.net/publication/365569251_Adaptive-gain_algorithm_on_the_fixed_filters_applied_for_active_noise_control_headphone,,,,,,,,,,,,,,,,,,,
1,"Digital Signal Processing Laboratory, School of Electrical and Electronic Engineering, Nanyang Technological University",Cities of Tomorrow: Active Noise Control (COTANC),,,Multi-channel wireless hybrid active noise control with fixed-adaptive control selection,Xiaoyi Shen,1,2022,9,20,Journal of Sound and Vibration,journal,,https://www.researchgate.net/publication/363724662_Multi-channel_wireless_hybrid_active_noise_control_with_fixed-adaptive_control_selection,,,,,,,,,,,,,,,,,,,
1,"Digital Signal Processing Laboratory, School of Electrical and Electronic Engineering, Nanyang Technological University",Cities of Tomorrow: Active Noise Control (COTANC),,,Alternative switching hybrid ANC,Xiaoyi Shen,1,2020,10,28,Applied Acoustics,journal,,https://www.researchgate.net/publication/346469262_Alternative_switching_hybrid_ANC,,,,,,,,,,,,,,,,,,,
1,"Digital Signal Processing Laboratory, School of Electrical and Electronic Engineering, Nanyang Technological University",Cities of Tomorrow: Active Noise Control (COTANC),,,Implementation of coherence-based-selection multi-channel wireless active noise control in headphone,Xiaoyi Shen,1,2021,8,1,50th International Congress and Exposition on Noise Control Engineering (Inter-Noise 2021),conference,,https://www.researchgate.net/publication/354504837_Implementation_of_coherence-based-selection_multi-channel_wireless_Active_Noise_Control_in_headphone,,,,,,,,,,,,,,,,,,,
1,"Digital Signal Processing Laboratory, School of Electrical and Electronic Engineering, Nanyang Technological University",Cities of Tomorrow: Augmenting Urban Soundscapes (COTAUS),Soundscape Evaluation,,Assessment of Inter-IC Sound Microelectromechanical Systems Microphones for Soundscape Reporting,Trevor Wong,1,2021,8,1,50th International Congress and Exposition on Noise Control Engineering (Inter-Noise 2021),conference,,https://www.researchgate.net/publication/353581429_Assessment_of_inter-IC_sound_microelectromechanical_systems_microphones_for_soundscape_reporting,,,,,,,,,,,,,,,,,,,
1,"Digital Signal Processing Laboratory, School of Electrical and Electronic Engineering, Nanyang Technological University",Cities of Tomorrow: Augmenting Urban Soundscapes (COTAUS),Soundscape Evaluation,,Perceptual Assessment of Operation Noises of Equipment on Construction Sites,Joo Young Hong,1,2021,10,25,12th European Conference and Exhibition on Noise Control (EuroNoise 2021),conference,,https://www.researchgate.net/publication/359310096_Perceptual_assessment_of_operation_noises_of_equipment_on_construction_sites,,,,,,,,,,,,,,,,,,,
1,"Digital Signal Processing Laboratory, School of Electrical and Electronic Engineering, Nanyang Technological University",Cities of Tomorrow: Augmenting Urban Soundscapes (COTAUS),Soundscape Augmentation,,Selecting birdsongs for auditory masking: a clustering approach based on psychoacoustic parameters,Zhen-Ting Ong,1,2018,7,8,25th International Congress on Sound and Vibration (ICSV 2018),conference,,https://hdl.handle.net/10356/170483,,,,,,,,,,,,,,,,,,,
1,"Digital Signal Processing Laboratory, School of Electrical and Electronic Engineering, Nanyang Technological University",Cities of Tomorrow: Active Noise Control (COTANC),,,Practical active noise control: restriction of maximum output power,Woon-Seng Gan,1,2023,10,31,15th Asia Pacific Signal and Information Processing Association Annual Summit and Conference (APSIPA ASC 2023),conference,,https://hdl.handle.net/10356/172215,,,,,,,,,,,,,,,,,,,
1,"Digital Signal Processing Laboratory, School of Electrical and Electronic Engineering, Nanyang Technological University",Soundscapes,Soundscape Attributes Translation Project,,Validating Thai translations of perceptual soundscape attributes: A non-Procrustean approach with a Procrustes projection,Karn N. Watcharasupat,1,2024,4,10,Applied Acoustics _Special Issue on Soundscape Attributes Translation: Current Projects and Challenges_,journal,,,,https://github.com/ntudsp/satp-tha-stage2,,,,,,,,,,,,,,,,,
1,"Digital Signal Processing Laboratory, School of Electrical and Electronic Engineering, Nanyang Technological University",Cities of Tomorrow: Active Noise Control (COTANC),,,A survey on adaptive active noise control algorithms overcoming the output saturation effect,Yu Guo,1,2024,5,17,Signal Processing,journal,,https://www.researchgate.net/publication/376477919_A_Survey_on_Adaptive_Active_Noise_Control_Algorithms_Overcoming_the_Output_Saturation_Effect,,,,,,,,,,,,,,,,,,,
1,"Digital Signal Processing Laboratory, School of Electrical and Electronic Engineering, Nanyang Technological University",Cities of Tomorrow: Active Noise Control (COTANC),,,Real-time implementation and explainable AI analysis of delayless CNN-based selective fixed-filter active noise control,Zhengding Luo,1,2024,5,15,Mechanical Systems and Signal Processing,journal,,https://www.researchgate.net/publication/379371184_Real-time_implementation_and_explainable_AI_analysis_of_delayless_CNN-based_selective_fixed-filter_active_noise_control,,https://github.com/Luo-Zhengding/SFANC-Window,,,,,,,,,,,,,,,,,
1,"Digital Signal Processing Laboratory, School of Electrical and Electronic Engineering, Nanyang Technological University",Cities of Tomorrow: Active Noise Control (COTANC),,,The principle underlying the wireless reference microphone enhancing noise reduction performance in multi-channel active noise control windows,Xiaoyi Shen,1,2024,4,15,Mechanical Systems and Signal Processing,journal,,https://www.researchgate.net/publication/379468363_The_principle_underlying_the_wireless_reference_microphone_enhancing_noise_reduction_performance_in_multi-channel_active_noise_control_windows,,,,,,,,,,,,,,,,,,,
1,"Digital Signal Processing Laboratory, School of Electrical and Electronic Engineering, Nanyang Technological University",Cities of Tomorrow: Active Noise Control (COTANC),,,What is behind the meta-learning initialization of adaptive filter? - A naive method for accelerating convergence of adaptive multichannel active noise control,Dongyuan Shi,1,2024,1,24,Neural Networks,journal,,https://www.researchgate.net/publication/377684741_What_is_behind_the_meta-learning_initialization_of_adaptive_filter_-_A_naive_method_for_accelerating_convergence_of_adaptive_multichannel_active_noise_control,,,,,,,,,,,,,,,,,,,
1,"Digital Signal Processing Laboratory, School of Electrical and Electronic Engineering, Nanyang Technological University",Cities of Tomorrow: Active Noise Control (COTANC),,,Multi-channel adjoint least mean square algorithm with momentum factor applied on active noise ocntrol,Xiaoyi Shen,1,2025,2,28,Mechanical Systems and Signal Processing,journal,,,,,,,,,,,,,,,,,,,,,
1,"Digital Signal Processing Laboratory, School of Electrical and Electronic Engineering, Nanyang Technological University",Soundscapes,Hospital Soundscapes,,Do neonates hear what we measure? Assessing neonatal ward soundscapes at the neonates’ ears,Bhan Lam,1,2025,2,12,Building and Environment,journal,,https://arxiv.org/abs/2502.00565,,https://github.com/ntudsp/nicu,,,,,,,,,,,,,,,,,
1,"Digital Signal Processing Laboratory, School of Electrical and Electronic Engineering, Nanyang Technological University",Soundscapes,General,,Exploring the relationships between soundscape quality and public health using a systems thinking approach,Francesco Aletta,1,2025,2,12,npj Acoustics,journal,,https://doi.org/10.1038/s44384-025-00003-y,,,,,,,,,,,,,,,,,,,
